{
    "Results": {
        "avg_delivery": 100.0,
        "avg_delivery_time": 2.1136363636363593,
        "avg_disagreement": 0.0,
        "c": 55,
        "disagreement_frequency": 0.0,
        "f": 45,
        "n": 100,
        "p": 90,
        "termination_rate": "100.000000% (100/100)"
    },
    "RunTime": 15.107170375
}
