{
    "Results": {
        "avg_delivery": 100.0,
        "avg_delivery_time": 2.0,
        "avg_disagreement": 10.769230769230743,
        "c": 65,
        "disagreement_frequency": 100.0,
        "f": 35,
        "n": 100,
        "p": 90,
        "termination_rate": "100.000000% (100/100)"
    },
    "RunTime": 15.062389625
}
