{
    "Results": {
        "avg_delivery": 100.0,
        "avg_delivery_time": 171.52887500000006,
        "avg_disagreement": 0.0,
        "c": 80,
        "disagreement_frequency": 0.0,
        "f": 20,
        "n": 100,
        "p": 90,
        "termination_rate": "100.000000% (100/100)"
    },
    "RunTime": 16.337808875
}
