{
    "Results": {
        "avg_delivery": 100.0,
        "avg_delivery_time": 171.42412499999995,
        "avg_disagreement": 0.0,
        "c": 80,
        "disagreement_frequency": 0.0,
        "f": 20,
        "n": 100,
        "p": 80,
        "termination_rate": "100.000000% (100/100)"
    },
    "RunTime": 15.948686083
}
