{
    "Results": {
        "avg_delivery": 100.0,
        "avg_delivery_time": 4.608000000000003,
        "avg_disagreement": 32.135642135642144,
        "avg_finishing_steps": 3.0,
        "c": 70,
        "disagreement_frequency": 99.0,
        "f": 30,
        "n": 100,
        "p": 80,
        "termination_rate": "100.000000% (100/100)"
    },
    "RunTime": 272.679055474
}
