{
    "Results": {
        "avg_delivery": 100.0,
        "avg_delivery_time": 7.843124999999998,
        "avg_disagreement": 47.122395833333336,
        "avg_finishing_steps": 3.0,
        "c": 80,
        "disagreement_frequency": 96.0,
        "f": 20,
        "n": 100,
        "p": 50,
        "termination_rate": "100.000000% (100/100)"
    },
    "RunTime": 295.381848835
}
