{
    "Results": {
        "avg_delivery": 100.0,
        "avg_delivery_time": 24.983333333333313,
        "avg_disagreement": 50.0,
        "c": 60,
        "disagreement_frequency": 100.0,
        "f": 40,
        "n": 100,
        "p": 50,
        "termination_rate": "100.000000% (100/100)"
    },
    "RunTime": 15.339038167
}
