{
    "Results": {
        "avg_delivery": 100.0,
        "avg_delivery_time": 40.890142857142855,
        "avg_disagreement": 50.0,
        "c": 70,
        "disagreement_frequency": 100.0,
        "f": 30,
        "n": 100,
        "p": 50,
        "termination_rate": "100.000000% (100/100)"
    },
    "RunTime": 15.2331185
}
