{
    "Results": {
        "avg_delivery": 100.0,
        "avg_delivery_time": 42.135230769230766,
        "avg_disagreement": 2.1153846153846154,
        "c": 65,
        "disagreement_frequency": 8.0,
        "f": 35,
        "n": 100,
        "p": 100,
        "termination_rate": "100.000000% (100/100)"
    },
    "RunTime": 15.292049167
}
