{
    "Results": {
        "avg_delivery": 100.0,
        "avg_delivery_time": 7.816500000000002,
        "avg_disagreement": 46.18421052631579,
        "c": 80,
        "disagreement_frequency": 95.0,
        "f": 20,
        "n": 100,
        "p": 50,
        "termination_rate": "100.000000% (100/100)"
    },
    "RunTime": 217.761244792
}
