{
    "Results": {
        "avg_delivery": 100.0,
        "avg_delivery_time": 14.114999999999995,
        "avg_disagreement": 50.0,
        "c": 50,
        "disagreement_frequency": 100.0,
        "f": 50,
        "n": 100,
        "p": 50,
        "termination_rate": "100.000000% (100/100)"
    },
    "RunTime": 16.246012333
}
