{
    "Results": {
        "avg_delivery": 100.0,
        "avg_delivery_time": 60.51000000000001,
        "avg_disagreement": 0.0,
        "c": 70,
        "disagreement_frequency": 0.0,
        "f": 30,
        "n": 100,
        "p": 90,
        "termination_rate": "100.000000% (100/100)"
    },
    "RunTime": 15.219150333
}
