{
    "Results": {
        "avg_delivery": 100.0,
        "avg_delivery_time": 18.182727272727274,
        "avg_disagreement": 20.0,
        "c": 55,
        "disagreement_frequency": 100.0,
        "f": 45,
        "n": 100,
        "p": 80,
        "termination_rate": "100.000000% (100/100)"
    },
    "RunTime": 15.133833375
}
