{
    "Results": {
        "avg_delivery": 100.0,
        "avg_delivery_time": 5.017368421052635,
        "avg_disagreement": 41.578947368421034,
        "avg_finishing_steps": 3.0,
        "avg_total_msgs_sent": 15359.07,
        "c": 76,
        "disagreement_frequency": 100.0,
        "f": 25,
        "n": 101,
        "p": 60,
        "termination_rate": "100.000000% (100/100)"
    },
    "RunTime": 250.354184193
}
