{
    "Results": {
        "avg_delivery": 100.0,
        "avg_delivery_time": 2.3909836065573757,
        "avg_disagreement": 49.18032786885246,
        "avg_finishing_steps": 3.0,
        "avg_total_msgs_sent": 12548.24,
        "c": 61,
        "disagreement_frequency": 100.0,
        "f": 40,
        "n": 101,
        "p": 50,
        "termination_rate": "100.000000% (100/100)"
    },
    "RunTime": 246.729982427
}
