{
    "Results": {
        "avg_delivery": 100.0,
        "avg_delivery_time": 2.3870491803278684,
        "avg_disagreement": 40.983606557377136,
        "avg_finishing_steps": 3.0,
        "avg_total_msgs_sent": 13516.83,
        "c": 61,
        "disagreement_frequency": 100.0,
        "f": 40,
        "n": 101,
        "p": 60,
        "termination_rate": "100.000000% (100/100)"
    },
    "RunTime": 250.309837484
}
