{
    "Results": {
        "avg_delivery": 100.0,
        "avg_delivery_time": 2.2406557377049174,
        "avg_disagreement": 0.0,
        "avg_finishing_steps": 3.0,
        "avg_total_msgs_sent": 12330.08,
        "c": 61,
        "disagreement_frequency": 0.0,
        "f": 40,
        "n": 101,
        "p": 100,
        "termination_rate": "100.000000% (100/100)"
    },
    "RunTime": 232.610895083
}
