{
    "Results": {
        "avg_delivery": 100.0,
        "avg_delivery_time": 5.007058823529411,
        "avg_disagreement": 0.0,
        "avg_finishing_steps": 3.0,
        "avg_total_msgs_sent": 7618.43,
        "c": 68,
        "disagreement_frequency": 0.0,
        "f": 33,
        "n": 101,
        "p": 100,
        "termination_rate": "100.000000% (100/100)"
    },
    "RunTime": 209.408369446
}
