{
    "Results": {
        "avg_delivery": 100.0,
        "avg_delivery_time": 2.345901639344262,
        "avg_disagreement": 21.311475409836035,
        "avg_finishing_steps": 3.0,
        "avg_total_msgs_sent": 12480.57,
        "c": 61,
        "disagreement_frequency": 100.0,
        "f": 40,
        "n": 101,
        "p": 80,
        "termination_rate": "100.000000% (100/100)"
    },
    "RunTime": 228.810623475
}
