{
    "Results": {
        "avg_delivery": 100.0,
        "avg_delivery_time": 4.839736842105264,
        "avg_disagreement": 50.0,
        "avg_finishing_steps": 3.0,
        "avg_total_msgs_sent": 15353.01,
        "c": 76,
        "disagreement_frequency": 100.0,
        "f": 25,
        "n": 101,
        "p": 50,
        "termination_rate": "100.000000% (100/100)"
    },
    "RunTime": 256.782348695
}
