{
    "Results": {
        "avg_delivery": 100.0,
        "avg_delivery_time": 2.3483606557377046,
        "avg_disagreement": 31.1475409836066,
        "avg_finishing_steps": 3.0,
        "avg_total_msgs_sent": 13243.12,
        "c": 61,
        "disagreement_frequency": 100.0,
        "f": 40,
        "n": 101,
        "p": 70,
        "termination_rate": "100.000000% (100/100)"
    },
    "RunTime": 237.639018167
}
