{
    "Results": {
        "avg_delivery": 100.0,
        "avg_delivery_time": 2.218461538461536,
        "avg_disagreement": 0.0,
        "c": 65,
        "disagreement_frequency": 0.0,
        "f": 35,
        "n": 100,
        "p": 80,
        "termination_rate": "100.000000% (100/100)"
    },
    "RunTime": 15.089922125
}
