{
    "Results": {
        "avg_delivery": 100.0,
        "avg_delivery_time": 2.2143333333333315,
        "avg_disagreement": 0.0,
        "c": 60,
        "disagreement_frequency": 0.0,
        "f": 40,
        "n": 100,
        "p": 80,
        "termination_rate": "100.000000% (100/100)"
    },
    "RunTime": 14.921272208
}
