{
    "Results": {
        "avg_delivery": 100.0,
        "avg_delivery_time": 3.195,
        "avg_disagreement": 49.9875,
        "c": 80,
        "disagreement_frequency": 100.0,
        "f": 20,
        "n": 100,
        "p": 50,
        "termination_rate": "100.000000% (100/100)"
    },
    "RunTime": 15.106624125
}
