{
    "Results": {
        "avg_delivery": 100.0,
        "avg_delivery_time": 2.3032727272727276,
        "avg_disagreement": 30.90909090909096,
        "avg_finishing_steps": 3.0,
        "c": 55,
        "disagreement_frequency": 100.0,
        "f": 45,
        "n": 100,
        "p": 70,
        "termination_rate": "100.000000% (100/100)"
    },
    "RunTime": 311.877430153
}
