{
    "Results": {
        "avg_delivery": 100.0,
        "avg_delivery_time": 4.724285714285717,
        "avg_disagreement": 21.442857142857136,
        "avg_finishing_steps": 3.0,
        "c": 70,
        "disagreement_frequency": 100.0,
        "f": 30,
        "n": 100,
        "p": 80,
        "termination_rate": "100.000000% (100/100)"
    },
    "RunTime": 265.995121073
}
