{
    "Results": {
        "avg_delivery": 100.0,
        "avg_delivery_time": 5.117384615384618,
        "avg_disagreement": 8.344988344988344,
        "avg_finishing_steps": 4.0,
        "c": 65,
        "disagreement_frequency": 33.0,
        "f": 35,
        "n": 100,
        "p": 100,
        "termination_rate": "100.000000% (100/100)"
    },
    "RunTime": 408.114712107
}
