{
    "Results": {
        "avg_delivery": 100.0,
        "avg_delivery_time": 4.806769230769235,
        "avg_disagreement": 10.769230769230743,
        "avg_finishing_steps": 4.0,
        "c": 65,
        "disagreement_frequency": 100.0,
        "f": 35,
        "n": 100,
        "p": 90,
        "termination_rate": "100.000000% (100/100)"
    },
    "RunTime": 353.489465411
}
