{
    "Results": {
        "avg_delivery": 100.0,
        "avg_delivery_time": 6.992571428571429,
        "avg_disagreement": 0.0,
        "avg_finishing_steps": 2.0,
        "c": 70,
        "disagreement_frequency": 0.0,
        "f": 30,
        "n": 100,
        "p": 100,
        "termination_rate": "100.000000% (100/100)"
    },
    "RunTime": 488.479593941
}
