{
    "Results": {
        "avg_delivery": 100.0,
        "avg_delivery_time": 7.577000000000002,
        "avg_disagreement": 40.0,
        "avg_finishing_steps": 4.0,
        "c": 70,
        "disagreement_frequency": 100.0,
        "f": 30,
        "n": 100,
        "p": 60,
        "termination_rate": "100.000000% (100/100)"
    },
    "RunTime": 429.370867955
}
