{
    "Results": {
        "avg_delivery": 100.0,
        "avg_delivery_time": 2.9816363636363628,
        "avg_disagreement": 10.909090909090905,
        "avg_finishing_steps": 4.0,
        "c": 55,
        "disagreement_frequency": 100.0,
        "f": 45,
        "n": 100,
        "p": 90,
        "termination_rate": "100.000000% (100/100)"
    },
    "RunTime": 358.931702111
}
