{
    "Results": {
        "avg_delivery": 100.0,
        "avg_delivery_time": 3.023999999999999,
        "avg_disagreement": 49.09090909090904,
        "avg_finishing_steps": 2.06,
        "c": 55,
        "disagreement_frequency": 100.0,
        "f": 45,
        "n": 100,
        "p": 50,
        "termination_rate": "100.000000% (100/100)"
    },
    "RunTime": 377.735458939
}
