{
    "Results": {
        "avg_delivery": 100.0,
        "avg_delivery_time": 11.153749999999995,
        "avg_disagreement": 0.0,
        "avg_finishing_steps": 3.0,
        "c": 80,
        "disagreement_frequency": 0.0,
        "f": 20,
        "n": 100,
        "p": 70,
        "termination_rate": "100.000000% (100/100)"
    },
    "RunTime": 291.239137694
}
