{
    "Results": {
        "avg_delivery": 100.0,
        "avg_delivery_time": 6.067076923076926,
        "avg_disagreement": 1.5384615384615385,
        "avg_finishing_steps": 3.0,
        "c": 65,
        "disagreement_frequency": 1.0,
        "f": 35,
        "n": 100,
        "p": 100,
        "termination_rate": "100.000000% (100/100)"
    },
    "RunTime": 278.965014103
}
