{
    "Results": {
        "avg_delivery": 100.0,
        "avg_delivery_time": 7.5992105263157885,
        "avg_disagreement": 0.0,
        "avg_finishing_steps": 4.0,
        "avg_total_msgs_sent": 15352.0,
        "c": 76,
        "disagreement_frequency": 0.0,
        "f": 25,
        "n": 101,
        "p": 60,
        "termination_rate": "100.000000% (100/100)"
    },
    "RunTime": 320.141539368
}
