{
    "Results": {
        "avg_delivery": 100.0,
        "avg_delivery_time": 6.6114814814814835,
        "avg_disagreement": 0.0,
        "avg_finishing_steps": 4.0,
        "avg_total_msgs_sent": 16362.0,
        "c": 81,
        "disagreement_frequency": 0.0,
        "f": 20,
        "n": 101,
        "p": 60,
        "termination_rate": "100.000000% (100/100)"
    },
    "RunTime": 282.568284175
}
