{
    "Results": {
        "avg_delivery": 100.0,
        "avg_delivery_time": 6.046710526315789,
        "avg_disagreement": 0.0,
        "avg_finishing_steps": 3.0,
        "avg_total_msgs_sent": 15352.0,
        "c": 76,
        "disagreement_frequency": 0.0,
        "f": 25,
        "n": 101,
        "p": 100,
        "termination_rate": "100.000000% (100/100)"
    },
    "RunTime": 283.234039586
}
