{
    "Results": {
        "avg_delivery": 100.0,
        "avg_delivery_time": 3.997666666666666,
        "avg_disagreement": 0.0,
        "avg_finishing_steps": 3.0,
        "c": 60,
        "disagreement_frequency": 0.0,
        "f": 40,
        "n": 100,
        "p": 100,
        "termination_rate": "100.000000% (100/100)"
    },
    "RunTime": 278.056868601
}
