{
    "Results": {
        "avg_delivery": 100.0,
        "avg_delivery_time": 4.078166666666668,
        "avg_disagreement": 10.0,
        "avg_finishing_steps": 3.0,
        "c": 60,
        "disagreement_frequency": 98.0,
        "f": 40,
        "n": 100,
        "p": 90,
        "termination_rate": "100.000000% (100/100)"
    },
    "RunTime": 260.481719654
}
