{
    "Results": {
        "avg_delivery": 100.0,
        "avg_delivery_time": 8.623714285714282,
        "avg_disagreement": 20.705467372134034,
        "avg_finishing_steps": 3.0,
        "c": 70,
        "disagreement_frequency": 81.0,
        "f": 30,
        "n": 100,
        "p": 80,
        "termination_rate": "100.000000% (100/100)"
    },
    "RunTime": 283.323740528
}
