{
    "Results": {
        "avg_delivery": 100.0,
        "avg_delivery_time": 2.3081666666666663,
        "avg_disagreement": 9.978354978354977,
        "avg_finishing_steps": 3.0,
        "c": 60,
        "disagreement_frequency": 77.0,
        "f": 40,
        "n": 100,
        "p": 90,
        "termination_rate": "100.000000% (100/100)"
    },
    "RunTime": 258.251704014
}
