{
    "Results": {
        "avg_delivery": 100.0,
        "avg_delivery_time": 8.015874999999998,
        "avg_disagreement": 49.98397435897436,
        "avg_finishing_steps": 3.0,
        "c": 80,
        "disagreement_frequency": 78.0,
        "f": 20,
        "n": 100,
        "p": 50,
        "termination_rate": "100.000000% (100/100)"
    },
    "RunTime": 284.027550868
}
