{
    "Results": {
        "avg_delivery": 100.0,
        "avg_delivery_time": 4.733000000000001,
        "avg_disagreement": 21.4139941690962,
        "avg_finishing_steps": 3.0,
        "c": 70,
        "disagreement_frequency": 98.0,
        "f": 30,
        "n": 100,
        "p": 80,
        "termination_rate": "100.000000% (100/100)"
    },
    "RunTime": 261.672088647
}
