{
    "Results": {
        "avg_delivery": 100.0,
        "avg_delivery_time": 2.608571428571427,
        "avg_disagreement": 40.0,
        "c": 70,
        "disagreement_frequency": 100.0,
        "f": 30,
        "n": 100,
        "p": 60,
        "termination_rate": "100.000000% (100/100)"
    },
    "RunTime": 15.051776416
}
