{
    "Results": {
        "avg_delivery": 100.0,
        "avg_delivery_time": 2.113090909090905,
        "avg_disagreement": 0.0,
        "c": 55,
        "disagreement_frequency": 0.0,
        "f": 45,
        "n": 100,
        "p": 90,
        "termination_rate": "100.000000% (100/100)"
    },
    "RunTime": 14.95482125
}
