{
    "Results": {
        "avg_delivery": 100.0,
        "avg_delivery_time": 1.2885999999999997,
        "avg_disagreement": 40.0,
        "c": 50,
        "disagreement_frequency": 100.0,
        "f": 50,
        "n": 100,
        "p": 60,
        "termination_rate": "100.000000% (100/100)"
    },
    "RunTime": 15.017291625
}
