{
    "Results": {
        "avg_delivery": 100.0,
        "avg_delivery_time": 3.064363636363638,
        "avg_disagreement": 20.0,
        "avg_finishing_steps": 4.0,
        "c": 55,
        "disagreement_frequency": 100.0,
        "f": 45,
        "n": 100,
        "p": 80,
        "termination_rate": "100.000000% (100/100)"
    },
    "RunTime": 302.402099101
}
