{
    "Results": {
        "avg_delivery": 26.4,
        "avg_delivery_time": 1.295571428571429,
        "avg_disagreement": 20.0,
        "avg_finishing_steps": 2.16,
        "c": 70,
        "disagreement_frequency": 7.0,
        "f": 30,
        "n": 100,
        "p": 80,
        "termination_rate": "100.000000% (100/100)"
    },
    "RunTime": 353.732315564
}
