{
    "Results": {
        "avg_delivery": 100.0,
        "avg_delivery_time": 2.3824000000000005,
        "avg_disagreement": 50.0,
        "avg_finishing_steps": 2.02,
        "c": 50,
        "disagreement_frequency": 100.0,
        "f": 50,
        "n": 100,
        "p": 50,
        "termination_rate": "100.000000% (100/100)"
    },
    "RunTime": 385.800776431
}
