{
    "Results": {
        "avg_delivery": 100.0,
        "avg_delivery_time": 3.5228333333333337,
        "avg_disagreement": 50.0,
        "avg_finishing_steps": 2.02,
        "c": 60,
        "disagreement_frequency": 100.0,
        "f": 40,
        "n": 100,
        "p": 50,
        "termination_rate": "100.000000% (100/100)"
    },
    "RunTime": 430.808100774
}
