{
    "Results": {
        "avg_delivery": 100.0,
        "avg_delivery_time": 2.6359999999999992,
        "avg_disagreement": 20.0,
        "avg_finishing_steps": 4.0,
        "c": 50,
        "disagreement_frequency": 100.0,
        "f": 50,
        "n": 100,
        "p": 80,
        "termination_rate": "100.000000% (100/100)"
    },
    "RunTime": 312.100368151
}
