{
    "Results": {
        "avg_delivery": 100.0,
        "avg_delivery_time": 5.089692307692312,
        "avg_disagreement": 8.317307692307692,
        "avg_finishing_steps": 4.0,
        "c": 65,
        "disagreement_frequency": 32.0,
        "f": 35,
        "n": 100,
        "p": 100,
        "termination_rate": "100.000000% (100/100)"
    },
    "RunTime": 405.864088305
}
