{
    "Results": {
        "avg_delivery": 100.0,
        "avg_delivery_time": 3.0014545454545454,
        "avg_disagreement": 0.0,
        "avg_finishing_steps": 4.0,
        "c": 55,
        "disagreement_frequency": 0.0,
        "f": 45,
        "n": 100,
        "p": 100,
        "termination_rate": "100.000000% (100/100)"
    },
    "RunTime": 305.940975313
}
