{
    "Results": {
        "avg_delivery": 100.0,
        "avg_delivery_time": 8.10914285714286,
        "avg_disagreement": 0.0,
        "avg_finishing_steps": 3.0,
        "c": 70,
        "disagreement_frequency": 0.0,
        "f": 30,
        "n": 100,
        "p": 100,
        "termination_rate": "100.000000% (100/100)"
    },
    "RunTime": 309.783810266
}
