{
    "Results": {
        "avg_delivery": 100.0,
        "avg_delivery_time": 6.6876250000000015,
        "avg_disagreement": 0.0,
        "avg_finishing_steps": 4.0,
        "c": 80,
        "disagreement_frequency": 0.0,
        "f": 20,
        "n": 100,
        "p": 60,
        "termination_rate": "100.000000% (100/100)"
    },
    "RunTime": 311.056536278
}
