{
    "Results": {
        "avg_delivery": 100.0,
        "avg_delivery_time": 4.628714285714288,
        "avg_disagreement": 31.746031746031758,
        "avg_finishing_steps": 3.0,
        "c": 70,
        "disagreement_frequency": 99.0,
        "f": 30,
        "n": 100,
        "p": 80,
        "termination_rate": "100.000000% (100/100)"
    },
    "RunTime": 282.401114823
}
