{
    "Results": {
        "avg_delivery": 100.0,
        "avg_delivery_time": 2.009636363636364,
        "avg_disagreement": 40.0,
        "avg_finishing_steps": 3.0,
        "c": 55,
        "disagreement_frequency": 100.0,
        "f": 45,
        "n": 100,
        "p": 60,
        "termination_rate": "100.000000% (100/100)"
    },
    "RunTime": 253.430187779
}
