{
    "Results": {
        "avg_delivery": 100.0,
        "avg_delivery_time": 2.0010000000000003,
        "avg_disagreement": 10.0,
        "avg_finishing_steps": 3.0,
        "c": 50,
        "disagreement_frequency": 100.0,
        "f": 50,
        "n": 100,
        "p": 90,
        "termination_rate": "100.000000% (100/100)"
    },
    "RunTime": 252.673249077
}
