{
    "Results": {
        "avg_delivery": 100.0,
        "avg_delivery_time": 7.847125000000003,
        "avg_disagreement": 47.00268817204301,
        "avg_finishing_steps": 3.0,
        "c": 80,
        "disagreement_frequency": 93.0,
        "f": 20,
        "n": 100,
        "p": 50,
        "termination_rate": "100.000000% (100/100)"
    },
    "RunTime": 290.202089357
}
