{
    "Results": {
        "avg_delivery": 100.0,
        "avg_delivery_time": 3.0092307692307707,
        "avg_disagreement": 49.23076923076922,
        "avg_finishing_steps": 3.0,
        "c": 65,
        "disagreement_frequency": 100.0,
        "f": 35,
        "n": 100,
        "p": 50,
        "termination_rate": "100.000000% (100/100)"
    },
    "RunTime": 247.992256907
}
