{
    "Results": {
        "avg_delivery": 100.0,
        "avg_delivery_time": 3.833442622950819,
        "avg_disagreement": 21.311475409836035,
        "avg_finishing_steps": 4.0,
        "avg_total_msgs_sent": 19652.58,
        "c": 61,
        "disagreement_frequency": 100.0,
        "f": 40,
        "n": 101,
        "p": 80,
        "termination_rate": "100.000000% (100/100)"
    },
    "RunTime": 254.854061575
}
