{
    "Results": {
        "avg_delivery": 100.0,
        "avg_delivery_time": 3.99672131147541,
        "avg_disagreement": 0.0,
        "avg_finishing_steps": 4.0,
        "avg_total_msgs_sent": 18368.87,
        "c": 61,
        "disagreement_frequency": 0.0,
        "f": 40,
        "n": 101,
        "p": 100,
        "termination_rate": "100.000000% (100/100)"
    },
    "RunTime": 255.193553516
}
