{
    "Results": {
        "avg_delivery": 100.0,
        "avg_delivery_time": 6.976973684210526,
        "avg_disagreement": 0.0,
        "avg_finishing_steps": 2.02,
        "avg_total_msgs_sent": 32113.96,
        "c": 76,
        "disagreement_frequency": 0.0,
        "f": 25,
        "n": 101,
        "p": 100,
        "termination_rate": "100.000000% (100/100)"
    },
    "RunTime": 477.900370937
}
