{
    "Results": {
        "avg_delivery": 100.0,
        "avg_delivery_time": 12.213086419753083,
        "avg_disagreement": 0.0,
        "avg_finishing_steps": 4.0,
        "avg_total_msgs_sent": 25461.09,
        "c": 81,
        "disagreement_frequency": 0.0,
        "f": 20,
        "n": 101,
        "p": 90,
        "termination_rate": "100.000000% (100/100)"
    },
    "RunTime": 435.403874487
}
