{
    "Results": {
        "avg_delivery": 100.0,
        "avg_delivery_time": 5.536323529411765,
        "avg_disagreement": 30.882352941176542,
        "avg_finishing_steps": 4.0,
        "avg_total_msgs_sent": 22699.75,
        "c": 68,
        "disagreement_frequency": 100.0,
        "f": 33,
        "n": 101,
        "p": 70,
        "termination_rate": "100.000000% (100/100)"
    },
    "RunTime": 293.679080138
}
