{
    "Results": {
        "avg_delivery": 100.0,
        "avg_delivery_time": 7.078641975308646,
        "avg_disagreement": 0.0,
        "avg_finishing_steps": 2.0,
        "avg_total_msgs_sent": 33999.63,
        "c": 81,
        "disagreement_frequency": 0.0,
        "f": 20,
        "n": 101,
        "p": 100,
        "termination_rate": "100.000000% (100/100)"
    },
    "RunTime": 470.824735114
}
