{
    "Results": {
        "avg_delivery": 100.0,
        "avg_delivery_time": 11.110131578947371,
        "avg_disagreement": 0.0,
        "avg_finishing_steps": 4.0,
        "avg_total_msgs_sent": 24751.06,
        "c": 76,
        "disagreement_frequency": 0.0,
        "f": 25,
        "n": 101,
        "p": 80,
        "termination_rate": "100.000000% (100/100)"
    },
    "RunTime": 384.535232247
}
