{
    "Results": {
        "avg_delivery": 99.20588235294117,
        "avg_delivery_time": 5.4929411764705875,
        "avg_disagreement": 20.588235294117613,
        "avg_finishing_steps": 3.98,
        "avg_total_msgs_sent": 21896.8,
        "c": 68,
        "disagreement_frequency": 99.0,
        "f": 33,
        "n": 101,
        "p": 80,
        "termination_rate": "100.000000% (100/100)"
    },
    "RunTime": 359.807678238
}
