{
    "Results": {
        "avg_delivery": 100.0,
        "avg_delivery_time": 11.805131578947373,
        "avg_disagreement": 0.0,
        "avg_finishing_steps": 4.0,
        "avg_total_msgs_sent": 23816.81,
        "c": 76,
        "disagreement_frequency": 0.0,
        "f": 25,
        "n": 101,
        "p": 90,
        "termination_rate": "100.000000% (100/100)"
    },
    "RunTime": 407.963904175
}
