{
    "Results": {
        "avg_delivery": 100.0,
        "avg_delivery_time": 3.8650819672131145,
        "avg_disagreement": 11.475409836065559,
        "avg_finishing_steps": 4.0,
        "avg_total_msgs_sent": 19015.27,
        "c": 61,
        "disagreement_frequency": 100.0,
        "f": 40,
        "n": 101,
        "p": 90,
        "termination_rate": "100.000000% (100/100)"
    },
    "RunTime": 255.034041369
}
