{
    "Results": {
        "avg_delivery": 100.0,
        "avg_delivery_time": 7.368970588235297,
        "avg_disagreement": 50.0,
        "avg_finishing_steps": 3.62,
        "avg_total_msgs_sent": 32856.31,
        "c": 68,
        "disagreement_frequency": 100.0,
        "f": 33,
        "n": 101,
        "p": 50,
        "termination_rate": "100.000000% (100/100)"
    },
    "RunTime": 438.270312586
}
