{
    "Results": {
        "avg_delivery": 100.0,
        "avg_delivery_time": 6.161617647058821,
        "avg_disagreement": 41.176470588235226,
        "avg_finishing_steps": 4.0,
        "avg_total_msgs_sent": 23885.49,
        "c": 68,
        "disagreement_frequency": 100.0,
        "f": 33,
        "n": 101,
        "p": 60,
        "termination_rate": "100.000000% (100/100)"
    },
    "RunTime": 316.422565244
}
