{
    "Results": {
        "avg_delivery": 100.0,
        "avg_delivery_time": 3.106029411764705,
        "avg_disagreement": 50.0,
        "avg_finishing_steps": 3.0,
        "avg_total_msgs_sent": 13736.0,
        "c": 68,
        "disagreement_frequency": 100.0,
        "f": 33,
        "n": 101,
        "p": 50,
        "termination_rate": "100.000000% (100/100)"
    },
    "RunTime": 227.869268425
}
