{
    "Results": {
        "avg_delivery": 100.0,
        "avg_delivery_time": 4.095441176470589,
        "avg_disagreement": 10.308823529411747,
        "avg_finishing_steps": 3.0,
        "avg_total_msgs_sent": 13736.0,
        "c": 68,
        "disagreement_frequency": 100.0,
        "f": 33,
        "n": 101,
        "p": 90,
        "termination_rate": "100.000000% (100/100)"
    },
    "RunTime": 248.312776972
}
