{
    "Results": {
        "avg_delivery": 100.0,
        "avg_delivery_time": 7.868641975308635,
        "avg_disagreement": 0.0,
        "avg_finishing_steps": 3.0,
        "avg_total_msgs_sent": 11414.01,
        "c": 81,
        "disagreement_frequency": 0.0,
        "f": 20,
        "n": 101,
        "p": 60,
        "termination_rate": "100.000000% (100/100)"
    },
    "RunTime": 221.497598019
}
