{
    "Results": {
        "c": 81,
        "delivery_nodes": [
            100.0,
            100.0,
            100.0,
            100.0,
            100.0,
            100.0,
            100.0,
            100.0,
            100.0,
            100.0,
            100.0,
            100.0,
            100.0,
            100.0,
            100.0,
            100.0,
            100.0,
            100.0,
            100.0,
            100.0,
            100.0,
            100.0,
            100.0,
            100.0,
            100.0,
            100.0,
            100.0,
            100.0,
            100.0,
            100.0,
            100.0,
            100.0,
            100.0,
            100.0,
            100.0,
            100.0,
            100.0,
            100.0,
            100.0,
            100.0,
            100.0,
            100.0,
            100.0,
            100.0,
            100.0,
            100.0,
            100.0,
            100.0,
            100.0,
            100.0,
            100.0,
            100.0,
            100.0,
            100.0,
            100.0,
            100.0,
            100.0,
            100.0,
            100.0,
            100.0,
            100.0,
            100.0,
            100.0,
            100.0,
            100.0,
            100.0,
            100.0,
            100.0,
            100.0,
            100.0,
            100.0,
            100.0,
            100.0,
            100.0,
            100.0,
            100.0,
            100.0,
            100.0,
            100.0,
            100.0,
            100.0,
            100.0,
            100.0,
            100.0,
            100.0,
            100.0,
            100.0,
            100.0,
            100.0,
            100.0,
            100.0,
            100.0,
            100.0,
            100.0,
            100.0,
            100.0,
            100.0,
            100.0,
            100.0,
            100.0
        ],
        "delivery_time": [
            7.6419753086419755,
            7.271604938271605,
            7.691358024691358,
            7.6419753086419755,
            7.604938271604938,
            7.814814814814815,
            7.691358024691358,
            6.9753086419753085,
            7.580246913580247,
            7.6419753086419755,
            7.012345679012346,
            7.567901234567901,
            7.345679012345679,
            7.555555555555555,
            7.691358024691358,
            7.320987654320987,
            7.333333333333333,
            7.0246913580246915,
            7.382716049382716,
            7.444444444444445,
            7.506172839506172,
            7.962962962962963,
            7.296296296296297,
            7.518518518518518,
            7.172839506172839,
            7.802469135802469,
            7.62962962962963,
            7.45679012345679,
            7.6419753086419755,
            7.382716049382716,
            8.11111111111111,
            7.320987654320987,
            7.444444444444445,
            7.62962962962963,
            7.234567901234568,
            7.716049382716049,
            7.753086419753086,
            7.419753086419753,
            7.530864197530864,
            7.839506172839506,
            6.901234567901234,
            6.962962962962963,
            7.333333333333333,
            7.283950617283951,
            7.135802469135802,
            7.901234567901234,
            7.592592592592593,
            7.37037037037037,
            7.271604938271605,
            7.308641975308642,
            7.555555555555555,
            7.444444444444445,
            7.283950617283951,
            7.3580246913580245,
            7.45679012345679,
            7.604938271604938,
            8.024691358024691,
            7.3580246913580245,
            7.444444444444445,
            7.753086419753086,
            7.604938271604938,
            7.382716049382716,
            7.691358024691358,
            7.345679012345679,
            7.160493827160494,
            7.382716049382716,
            7.679012345679013,
            7.8765432098765435,
            7.506172839506172,
            7.469135802469136,
            7.333333333333333,
            7.567901234567901,
            7.209876543209877,
            7.296296296296297,
            7.481481481481482,
            7.654320987654321,
            7.592592592592593,
            7.814814814814815,
            7.703703703703703,
            7.654320987654321,
            7.925925925925926,
            7.691358024691358,
            7.333333333333333,
            7.296296296296297,
            7.382716049382716,
            7.765432098765432,
            7.790123456790123,
            7.45679012345679,
            7.530864197530864,
            7.3580246913580245,
            7.54320987654321,
            7.580246913580247,
            7.728395061728395,
            8.0,
            7.506172839506172,
            7.592592592592593,
            7.654320987654321,
            7.54320987654321,
            7.037037037037037,
            7.604938271604938
        ],
        "disagreement": [
            0.0,
            0.0,
            0.0,
            0.0,
            0.0,
            0.0,
            0.0,
            0.0,
            0.0,
            0.0,
            0.0,
            0.0,
            0.0,
            0.0,
            0.0,
            0.0,
            0.0,
            0.0,
            0.0,
            0.0,
            0.0,
            0.0,
            0.0,
            0.0,
            0.0,
            0.0,
            0.0,
            0.0,
            0.0,
            0.0,
            0.0,
            0.0,
            0.0,
            0.0,
            0.0,
            0.0,
            0.0,
            0.0,
            0.0,
            0.0,
            0.0,
            0.0,
            0.0,
            0.0,
            0.0,
            0.0,
            0.0,
            0.0,
            0.0,
            0.0,
            0.0,
            0.0,
            0.0,
            0.0,
            0.0,
            0.0,
            0.0,
            0.0,
            0.0,
            0.0,
            0.0,
            0.0,
            0.0,
            0.0,
            0.0,
            0.0,
            0.0,
            0.0,
            0.0,
            0.0,
            0.0,
            0.0,
            0.0,
            0.0,
            0.0,
            0.0,
            0.0,
            0.0,
            0.0,
            0.0,
            0.0,
            0.0,
            0.0,
            0.0,
            0.0,
            0.0,
            0.0,
            0.0,
            0.0,
            0.0,
            0.0,
            0.0,
            0.0,
            0.0,
            0.0,
            0.0,
            0.0,
            0.0,
            0.0,
            0.0
        ],
        "disagreement_frequency": [],
        "f": 20,