{
    "Results": {
        "avg_delivery": 100.0,
        "avg_delivery_time": 4.878026315789476,
        "avg_disagreement": 50.0,
        "avg_finishing_steps": 3.0,
        "avg_total_msgs_sent": 15352.0,
        "c": 76,
        "disagreement_frequency": 100.0,
        "f": 25,
        "n": 101,
        "p": 50,
        "termination_rate": "100.000000% (100/100)"
    },
    "RunTime": 252.705443765
}
