{
    "Results": {
        "avg_delivery": 100.0,
        "avg_delivery_time": 4.673600000000002,
        "avg_disagreement": 10.0,
        "avg_finishing_steps": 4.0,
        "c": 50,
        "disagreement_frequency": 100.0,
        "f": 50,
        "n": 100,
        "p": 90,
        "termination_rate": "100.000000% (100/100)"
    },
    "RunTime": 370.784648194
}
