{
    "Results": {
        "avg_delivery": 100.0,
        "avg_delivery_time": 5.128909090909089,
        "avg_disagreement": 40.0,
        "avg_finishing_steps": 3.48,
        "c": 55,
        "disagreement_frequency": 100.0,
        "f": 45,
        "n": 100,
        "p": 60,
        "termination_rate": "100.000000% (100/100)"
    },
    "RunTime": 408.067707865
}
