{
    "Results": {
        "avg_delivery": 100.0,
        "avg_delivery_time": 6.242666666666667,
        "avg_disagreement": 50.0,
        "avg_finishing_steps": 2.04,
        "c": 60,
        "disagreement_frequency": 100.0,
        "f": 40,
        "n": 100,
        "p": 50,
        "termination_rate": "100.000000% (100/100)"
    },
    "RunTime": 480.429641766
}
