{
    "Results": {
        "avg_delivery": 100.0,
        "avg_delivery_time": 3.9875999999999983,
        "avg_disagreement": 40.0,
        "avg_finishing_steps": 2.2,
        "c": 50,
        "disagreement_frequency": 100.0,
        "f": 50,
        "n": 100,
        "p": 60,
        "termination_rate": "100.000000% (100/100)"
    },
    "RunTime": 354.596419151
}
