{
    "Results": {
        "avg_delivery": 97.9,
        "avg_delivery_time": 11.14042857142857,
        "avg_disagreement": 30.0,
        "avg_finishing_steps": 3.94,
        "c": 70,
        "disagreement_frequency": 97.0,
        "f": 30,
        "n": 100,
        "p": 70,
        "termination_rate": "100.000000% (100/100)"
    },
    "RunTime": 479.74732957
}
