{
    "Results": {
        "avg_delivery": 100.0,
        "avg_delivery_time": 11.085846153846154,
        "avg_disagreement": 16.76528599605523,
        "avg_finishing_steps": 3.02,
        "c": 65,
        "disagreement_frequency": 39.0,
        "f": 35,
        "n": 100,
        "p": 100,
        "termination_rate": "100.000000% (100/100)"
    },
    "RunTime": 534.348565773
}
